,Title,Link
0,Dopamine signatures of excessive and compulsive cocaine and fentanyl use,https://www.biorxiv.org/content/10.64898/2026.01.18.700215v1
1,Reln haploinsufficiency alters fentanyl-induced striatal activity and adaptive responding without affecting opioid reinforcement,https://www.biorxiv.org/content/10.64898/2026.02.21.707172v2
2,Transcriptional response to chronic long-access fentanyl self-administration in rat habenula and amygdala,https://www.biorxiv.org/content/10.1101/2025.11.25.690517v2
3,"Cornichon Homolog-3 (Cnih3) deletion impairs spatial memory, reward-cue association, and fentanyl self-administration behavior",https://www.biorxiv.org/content/10.1101/2025.11.12.688051v1
4,Repeated fentanyl abstinence intensifies opioid withdrawal and induces a proinflammatory state in striatal microglia,https://www.biorxiv.org/content/10.1101/2025.11.06.687032v1
5,Central amygdalar PKCδ neurons mediate fentanyl withdrawal,https://www.biorxiv.org/content/10.1101/2025.02.21.639538v1
6,Xylazine and fentanyl co-administration delays wound healing in mice,https://www.biorxiv.org/content/10.1101/2025.06.18.660449v2
7,Membrane Permeability Drives the Extreme Potency of Fentanyl but not Isotonitazene,https://www.biorxiv.org/content/10.1101/2025.07.22.666146v3
8,Projection-defined ventral tegmental area neurons exhibit fentanyl-induced molecular and functional adaptations that differentially support drug-context associations,https://www.biorxiv.org/content/10.1101/2025.11.26.690827v2
9,Environmental Enrichment Attenuates Fentanyl-Seeking Behavior and Protects Against Stress-Induced Reinstatement in Both Male and Female Rats,https://www.biorxiv.org/content/10.64898/2025.12.02.691896v1
10,Combining the alpha-2 adrenergic agonist clonidine with naloxone rescues fentanyl-induced physiologic dysfunction and increases survival,https://www.biorxiv.org/content/10.1101/2025.11.07.687263v1
11,Modeling hidden cognitive states reveals acute and chronic effects of fentanyl on decision-making,https://www.biorxiv.org/content/10.1101/2025.08.04.668448v1
12,"Oxidative Stress, Hypoxia and Cellular Metabolism: Unraveling the Effects of Fentanyl on Lung Cancer Cells",https://www.biorxiv.org/content/10.1101/2025.07.17.665412v1
13,"Fentanyl and Alcohol Co-Exposure Induce Robust, Sustained Hyperlocomotion and Neural Circuit Disruption in Larval Zebrafish",https://www.biorxiv.org/content/10.1101/2025.07.08.663662v1
14,Functional Modulation of Retrotrapezoid Neurons Drives Fentanyl-Induced Respiratory Depression,https://www.biorxiv.org/content/10.1101/2025.01.28.635295v1
15,Behavioral and genetic markers of susceptibility to escalate fentanyl intake,https://www.biorxiv.org/content/10.1101/2024.12.06.627259v2
16,Xylazine exacerbates fentanyl-induced respiratory depression and prevents rescue by naloxone in mice,https://www.biorxiv.org/content/10.1101/2025.06.18.660459v1
17,Fentanyl blockade of K+ channels contribute to Wooden Chest Syndrome,https://www.biorxiv.org/content/10.1101/2025.01.17.633656v1
18,Fentanyl reinforcement history has sex-specific effects on multi-step decision-making,https://www.biorxiv.org/content/10.1101/2024.10.10.617707v2
19,Perinatal Fentanyl Exposure Drives Enduring Addiction Risk and Central Amygdala Gene Dysregulation,https://www.biorxiv.org/content/10.1101/2025.05.20.655167v2
20,A Drd1-cre mouse line with nucleus accumbens gene dysregulation exhibits blunted fentanyl seeking,https://www.biorxiv.org/content/10.1101/2025.02.14.638324v1
21,Xylazine Exacerbates Fentanyl-Induced Respiratory Depression and Bradycardia,https://www.biorxiv.org/content/10.1101/2024.08.16.608310v1
22,"Acute obstructive uropathy in male C57Bl/6 mice after general anesthesia with fentanyl, midazolam and medetomidine",https://www.biorxiv.org/content/10.1101/2025.02.12.636996v1
23,Xylazine potentiates the interoceptive effects of fentanyl in male and female rats,https://www.biorxiv.org/content/10.1101/2025.02.07.637099v1
24,Cannabidiol reverses fentanyl-induced addiction and modulates neuroinflammation,https://www.biorxiv.org/content/10.1101/2024.07.20.604441v1
25,Neural and Behavioral Dynamics of Acute Fentanyl Administration and Implications for Hazard Assessment of Novel Synthetic Opioids in Larval Zebrafish,https://www.biorxiv.org/content/10.1101/2025.04.07.647579v1
26,"The effects of chronic neuropathic pain on the self-administration of highly potent MOR agonist, fentanyl",https://www.biorxiv.org/content/10.1101/2024.11.19.624389v1
27,Sex-specific Regulation of Fentanyl Reward by the Circadian Transcription Factor NPAS2,https://www.biorxiv.org/content/10.1101/2024.11.12.623242v2
28,A cationic liposome-formulated Toll Like Receptor (TLR)7/8 agonist enhances the efficacy of a vaccine against fentanyl toxicity,https://www.biorxiv.org/content/10.1101/2025.01.08.631964v1
29,Peripheral opioid receptor antagonism alleviates fentanyl-induced cardiorespiratory depression and is devoid of aversive behavior,https://www.biorxiv.org/content/10.1101/2024.09.16.613257v3
